member_idbike_id,bike_id,station_id_borrow,station_id_return,date_borrow,time_borrow,date_return,time_return
356,113,6,57,2014/11/27,16:18,2014/5/31,07:44
60,33,6,22,2014/2/6,14:42,2014/8/24,11:31
294,400,14,22,2014/2/7,15:12,2014/12/23,12:00
928,474,9,56,2014/1/16,19:04,2014/4/3,02:11
152,230,2,31,2014/3/21,05:07,2014/7/17,09:50
604,207,50,43,2014/9/5,13:13,2014/7/4,20:14
32,211,42,13,2014/9/28,16:00,2014/5/24,03:13
82,285,53,9,2014/5/23,12:03,2014/5/11,02:12
830,459,14,13,2014/12/15,17:56,2014/1/17,06:17
534,654,62,12,2014/5/27,12:22,2014/6/16,01:51
404,322,37,38,2014/7/16,03:55,2014/4/19,03:43
815,273,6,18,2014/1/20,06:04,2014/5/26,20:05
317,341,40,2,2014/11/26,21:32,2014/7/2,20:09
669,377,35,57,2014/8/28,09:45,2014/8/14,06:56
243,916,59,45,2014/2/20,21:51,2014/6/10,17:28
193,968,23,19,2014/10/25,14:02,2014/12/4,05:11
379,591,63,38,2014/10/28,04:25,2015/1/9,23:01
889,732,63,26,2014/4/9,05:03,2014/6/25,16:22
154,707,5,37,2014/2/16,02:45,2014/12/21,21:12
181,475,59,5,2014/11/10,19:55,2014/4/2,21:16
582,668,44,52,2014/9/14,14:12,2014/8/19,08:09
106,582,4,23,2014/8/30,12:33,2014/5/21,05:12
75,841,44,6,2014/12/2,21:22,2014/5/8,07:00
267,626,52,23,2014/5/14,23:50,2014/3/31,21:19
643,345,25,3,2014/11/8,04:58,2014/11/19,23:01
678,840,12,24,2014/2/4,02:08,2014/11/13,18:25
36,218,37,18,2014/2/14,19:34,2014/4/24,15:17
854,851,25,14,2014/6/18,18:41,2014/2/11,10:10
17,270,53,25,2014/7/9,00:57,2015/1/2,20:45
184,47,10,5,2014/11/28,20:16,2014/4/24,22:06
200,320,39,50,2014/3/22,15:06,2014/3/8,10:07
811,972,16,52,2014/7/24,22:16,2014/2/9,18:13
179,877,24,12,2014/7/5,06:48,2014/5/15,06:31
504,494,52,8,2014/1/31,20:49,2014/2/9,20:27
685,563,29,56,2014/12/6,14:43,2014/9/9,09:41
435,765,57,39,2014/12/28,01:17,2014/11/19,00:35
659,176,29,5,2014/7/18,12:12,2014/8/9,14:16
184,103,18,51,2014/4/22,23:17,2014/5/13,07:32
303,790,8,33,2014/9/10,02:51,2014/7/7,11:07
32,759,46,19,2014/12/20,23:15,2014/1/14,20:06
751,479,21,8,2014/8/23,22:13,2014/6/11,05:43
424,64,57,15,2014/4/3,09:29,2014/10/15,09:03
531,300,28,7,2014/9/11,06:57,2014/10/8,23:24
283,320,34,36,2014/10/9,14:53,2014/9/12,23:49
817,698,17,23,2014/7/2,11:10,2014/10/3,11:11
54,567,53,45,2014/7/6,20:22,2014/2/22,13:55
163,701,12,18,2014/12/18,11:40,2014/12/31,05:50
608,874,27,40,2014/6/15,21:36,2014/8/30,10:30
278,227,7,59,2014/10/5,23:24,2014/4/5,14:39
321,922,53,53,2014/3/9,10:56,2014/8/26,14:45
290,714,22,27,2014/9/6,21:57,2014/3/19,17:05
923,18,36,17,2014/6/5,10:45,2014/7/10,05:11
927,314,21,39,2014/5/17,19:29,2014/3/22,17:10
941,827,5,7,2014/3/24,01:39,2014/10/13,03:38
615,923,31,29,2014/8/1,09:38,2014/6/15,13:27
686,728,17,9,2014/5/26,09:44,2014/4/1,07:18
541,794,31,40,2014/2/20,04:46,2014/4/8,11:01
431,715,38,6,2014/9/2,03:43,2014/10/16,04:15
290,571,49,12,2014/10/10,17:59,2014/9/22,10:46
518,527,58,15,2014/5/20,13:24,2014/12/1,16:15
196,213,32,46,2014/2/1,16:42,2014/6/3,12:47
682,451,33,34,2014/7/5,11:58,2014/11/10,11:30
131,233,47,29,2014/8/13,11:50,2014/4/11,15:56
994,129,9,47,2014/6/3,13:49,2014/4/13,09:45
870,903,19,32,2014/9/25,23:19,2014/6/9,17:23
492,724,24,32,2014/3/18,19:29,2014/5/16,13:16
136,210,28,28,2014/6/20,14:45,2014/1/26,05:06
876,854,63,11,2014/2/11,09:48,2014/6/9,20:19
380,665,49,15,2014/2/26,04:41,2015/1/8,02:55
296,853,63,49,2014/10/15,22:07,2014/6/21,14:58
391,456,5,2,2014/8/23,18:42,2014/9/28,23:40
641,256,14,22,2014/9/29,10:04,2014/4/29,17:10
142,6,52,63,2014/12/19,19:49,2014/8/8,01:00
900,133,49,1,2014/3/10,05:09,2014/10/31,10:38
816,69,14,15,2014/11/30,01:57,2014/10/31,05:38
905,433,9,6,2014/7/22,18:03,2014/10/26,16:43
983,838,52,59,2014/3/22,00:05,2014/9/30,05:06
918,231,57,45,2014/9/21,01:34,2014/11/10,21:13
253,273,17,22,2014/9/30,22:34,2014/9/21,01:26
380,518,34,45,2014/3/18,14:30,2014/8/30,18:12
207,241,27,47,2014/2/27,03:49,2014/12/13,19:04
18,771,30,32,2014/8/22,13:43,2014/12/16,18:10
779,127,24,44,2014/6/21,14:36,2014/8/21,16:51
135,678,56,56,2014/6/13,04:52,2014/7/22,04:50
570,539,62,45,2014/4/23,02:27,2014/7/2,19:51
898,189,17,38,2014/10/28,01:42,2014/3/23,08:58
910,498,32,51,2014/2/3,01:46,2014/8/29,08:03
353,907,33,62,2014/3/5,12:39,2014/10/10,00:11
661,609,41,46,2014/12/19,08:34,2014/11/19,02:50
208,9,9,20,2014/10/27,04:53,2014/10/16,16:40
575,660,5,10,2014/11/26,06:53,2014/12/1,23:49
95,762,53,12,2014/7/6,08:35,2014/10/19,15:37
532,907,29,30,2014/6/29,17:22,2014/12/11,11:57
950,675,12,57,2014/11/9,22:09,2015/1/1,09:48
512,436,25,57,2014/10/2,16:34,2014/12/28,06:15
361,535,29,8,2014/11/12,22:15,2014/8/22,16:40
369,806,27,29,2014/6/8,03:47,2014/10/24,08:43
341,490,50,9,2014/9/1,22:50,2014/12/19,23:11
211,404,8,62,2014/10/26,05:26,2014/1/24,09:15
326,562,24,3,2014/5/17,21:20,2014/7/4,03:51
285,523,20,61,2014/4/10,16:07,2014/3/24,05:29
91,366,25,18,2014/5/17,13:41,2014/2/16,05:28
804,813,60,10,2014/9/27,23:15,2014/7/1,02:43
155,636,15,62,2014/8/31,14:43,2014/6/21,14:31
561,717,6,37,2014/1/16,13:14,2014/9/16,04:10
426,358,1,60,2014/7/13,18:37,2014/12/30,08:27
21,255,29,7,2014/12/16,13:17,2014/4/21,07:30
250,906,58,61,2014/4/8,04:35,2014/5/30,03:38
960,85,58,19,2014/4/9,10:16,2014/5/25,12:14
746,505,3,47,2014/4/23,03:16,2014/1/19,00:04
454,305,57,20,2014/2/19,12:30,2014/2/14,10:39
351,641,43,24,2014/10/6,13:08,2014/8/23,08:56
552,696,25,35,2014/5/3,02:15,2014/2/15,18:52
906,103,17,55,2014/7/26,19:47,2015/1/2,03:30
178,892,37,18,2014/7/20,19:04,2014/9/6,19:48
887,519,2,2,2014/6/16,05:31,2014/2/20,20:40
199,54,51,2,2014/9/27,14:18,2014/4/28,10:09
305,848,18,51,2014/10/10,18:01,2014/3/17,02:51
535,557,40,35,2014/10/19,00:33,2014/3/5,14:29
884,93,20,38,2014/9/27,15:41,2014/5/4,22:41
612,565,29,52,2014/8/7,07:27,2014/8/10,10:29
920,858,54,9,2014/3/13,11:44,2014/9/27,11:03
361,963,4,12,2014/7/10,13:24,2014/12/18,10:12
72,558,60,36,2014/7/30,02:15,2014/9/21,22:49
835,646,28,24,2014/2/18,14:24,2014/9/1,05:23
476,140,14,45,2014/5/18,20:50,2014/10/15,12:44
375,820,32,37,2014/8/16,16:01,2014/11/5,08:19
894,242,40,21,2014/12/31,00:16,2014/5/4,22:32
916,233,63,59,2014/4/26,03:15,2014/7/27,05:18
278,979,38,7,2014/8/27,03:45,2014/3/25,01:17
697,650,27,29,2014/5/11,05:42,2014/9/13,21:41
831,666,55,6,2014/12/17,05:31,2014/5/21,17:31
121,637,52,43,2014/11/23,09:41,2014/2/15,10:11
270,931,43,13,2014/11/24,15:44,2014/12/6,06:56
49,482,23,39,2014/2/2,21:58,2014/12/16,15:32
959,423,18,4,2014/5/25,19:37,2014/5/13,19:28
108,10,43,46,2014/3/11,21:01,2014/7/5,01:00
678,397,12,2,2014/6/19,11:51,2014/1/29,16:53
600,956,16,55,2014/6/21,22:07,2014/12/28,10:19
807,705,35,39,2014/9/5,21:01,2014/2/25,05:17
901,715,12,35,2014/8/4,02:10,2014/9/4,02:26
446,851,48,19,2014/12/5,01:22,2014/8/31,23:22
227,927,6,62,2014/4/10,09:39,2014/8/2,04:29
405,255,12,40,2014/2/26,03:50,2014/11/24,11:00
137,530,1,48,2014/3/12,14:16,2014/10/22,04:11
274,250,22,16,2014/1/24,23:45,2014/11/14,16:01
105,993,3,11,2014/9/24,19:25,2014/7/27,07:32
650,647,17,7,2014/4/22,06:51,2014/6/27,17:10
423,569,25,5,2014/5/25,20:05,2014/6/21,01:11
898,233,61,53,2014/1/13,08:17,2014/11/15,04:42
562,498,49,10,2014/3/30,07:12,2014/10/31,10:42
864,140,40,27,2014/11/13,16:03,2014/7/15,01:29
458,898,28,27,2014/7/25,18:52,2014/7/26,12:20
231,637,51,24,2014/7/27,12:56,2014/12/5,04:47
558,831,21,57,2014/9/20,16:21,2014/1/18,06:22
834,811,56,37,2014/11/12,15:51,2014/10/9,22:28
837,418,27,19,2014/10/16,02:55,2014/10/21,15:53
631,522,52,15,2014/3/11,19:32,2014/1/25,23:14
391,7,19,43,2014/2/17,05:20,2014/1/29,07:34
563,443,21,35,2014/6/20,02:02,2014/4/5,04:01
770,996,37,16,2014/4/10,00:58,2014/1/16,03:47
988,742,6,16,2014/11/22,23:57,2014/10/24,10:45
774,10,40,7,2014/10/13,07:35,2015/1/4,20:46
722,328,14,12,2014/8/29,22:21,2014/11/21,19:59
331,922,28,12,2014/5/27,16:04,2014/3/16,04:54
186,904,8,36,2014/11/2,00:12,2014/12/11,15:59
446,393,1,5,2014/2/14,05:04,2014/12/14,07:33
292,508,13,39,2014/4/19,01:14,2014/2/22,11:22
60,262,25,4,2014/10/1,22:06,2014/11/11,10:17
254,745,7,22,2014/5/14,23:18,2014/12/31,09:09
187,616,16,59,2014/2/8,15:02,2014/8/13,02:39
121,832,27,45,2014/5/30,09:28,2014/1/31,02:22
915,187,48,54,2014/10/28,04:29,2015/1/4,16:01
435,844,40,37,2014/9/21,01:54,2014/4/24,01:56
980,592,15,14,2014/11/3,06:40,2014/12/2,01:52
729,830,51,17,2014/7/1,15:14,2014/1/31,07:33
860,120,4,24,2014/7/12,01:54,2014/9/17,03:46
52,624,46,62,2014/6/2,08:08,2014/5/27,11:11
512,283,37,33,2014/7/16,16:40,2014/8/8,16:11
821,291,36,35,2014/2/26,19:00,2014/10/26,09:34
920,198,24,46,2014/4/7,01:03,2014/7/21,03:21
589,382,26,38,2014/1/23,02:27,2014/2/14,18:59
236,501,62,22,2014/10/11,09:00,2014/6/20,23:26
358,332,51,62,2014/4/8,12:48,2014/9/18,15:50
509,51,22,38,2014/5/26,02:35,2014/8/19,10:30
52,388,36,24,2014/5/4,04:10,2014/4/7,03:16
601,133,13,40,2014/12/18,13:29,2014/5/20,04:57
884,607,58,8,2014/11/23,11:47,2014/1/27,20:29
262,137,42,56,2014/8/14,00:24,2014/4/10,05:09
92,800,14,30,2014/9/10,03:25,2015/1/5,23:45
458,984,52,17,2014/11/18,11:05,2014/9/12,17:13
500,432,42,45,2014/5/13,01:12,2014/9/12,23:28
898,740,11,33,2014/5/23,04:41,2014/10/31,22:54
730,663,43,63,2014/11/30,23:29,2014/7/18,22:53
158,616,61,19,2014/9/8,23:13,2014/10/8,03:04
135,713,46,36,2014/6/19,17:51,2014/3/28,17:13
564,387,36,53,2014/4/14,22:34,2014/9/17,02:42
589,297,55,17,2014/4/5,22:56,2014/8/17,09:13
726,150,47,52,2014/9/5,07:46,2014/2/26,23:14
557,460,59,7,2014/3/12,03:14,2014/2/8,19:18
598,498,57,40,2014/9/18,19:25,2014/8/11,15:20
570,221,49,43,2014/1/28,11:23,2014/6/23,04:55
216,220,62,29,2014/11/27,04:54,2015/1/12,07:07
998,318,57,13,2014/3/25,03:33,2014/10/29,22:42
224,532,6,57,2014/3/8,13:14,2014/8/31,19:28
897,346,1,44,2014/10/12,08:52,2014/2/26,23:10
612,921,49,45,2014/9/26,02:17,2014/10/17,11:01
471,564,61,7,2014/11/6,12:19,2014/6/1,21:12
233,361,22,38,2014/8/19,05:33,2014/5/18,23:58
884,701,54,16,2014/6/5,16:07,2014/2/20,19:24
831,908,43,59,2014/6/18,11:53,2014/12/3,17:54
388,958,1,47,2014/1/30,23:11,2014/12/12,23:25
286,276,11,61,2014/7/8,15:10,2014/8/9,23:50
391,37,44,25,2014/9/27,04:27,2014/11/21,07:12
959,465,38,18,2014/1/25,04:04,2014/12/26,22:51
309,480,15,61,2014/2/23,21:00,2014/4/17,01:03
291,497,54,33,2014/2/2,12:16,2014/12/6,15:56
230,777,55,57,2014/7/28,12:35,2014/12/12,05:49
874,244,29,15,2014/9/23,00:46,2014/5/30,00:58
212,134,29,41,2014/3/3,23:02,2014/11/15,16:22
866,947,22,25,2014/12/1,22:58,2014/1/29,06:52
135,529,30,23,2014/6/14,00:39,2014/1/30,14:49
791,48,26,15,2014/9/17,15:23,2014/5/23,16:59
851,116,43,55,2014/4/22,06:51,2015/1/9,19:22
948,164,24,53,2014/10/22,23:33,2014/5/10,03:31
823,291,29,32,2014/4/10,04:12,2014/10/3,04:50
257,41,31,43,2014/2/27,18:02,2014/2/8,09:27
820,844,49,28,2014/2/20,06:04,2014/12/2,14:31
919,512,14,8,2014/2/15,15:08,2014/8/1,23:46
174,987,9,44,2014/3/28,23:14,2014/9/4,23:32
536,700,12,33,2014/11/30,03:26,2014/6/6,06:54
705,546,26,14,2014/7/3,23:16,2014/4/18,17:28
828,452,51,9,2014/6/4,03:53,2014/8/26,21:11
680,880,19,22,2014/3/8,02:47,2015/1/7,04:29
124,206,59,17,2014/11/13,14:17,2014/9/11,02:21
754,180,30,32,2014/1/30,21:26,2014/4/15,11:06
985,139,51,55,2014/7/26,15:26,2014/11/10,13:26
130,802,62,58,2014/8/26,23:53,2014/4/26,10:37
373,406,60,3,2014/7/2,20:31,2014/9/5,11:13
1000,140,57,56,2014/8/28,07:14,2014/6/14,09:10
737,996,44,19,2014/9/6,13:55,2014/3/24,06:30
989,374,19,10,2014/6/29,06:36,2014/9/25,02:48
951,966,41,28,2014/1/27,10:51,2014/6/11,16:43
811,60,62,61,2014/12/13,06:55,2014/4/5,00:37
521,790,53,25,2014/8/22,08:16,2014/1/18,11:03
677,375,60,57,2014/3/24,06:43,2014/2/28,18:48
60,23,34,18,2014/5/10,23:09,2014/10/15,19:16
288,99,1,29,2014/10/20,08:07,2014/12/21,18:48
387,424,42,40,2014/9/22,04:34,2014/4/6,07:01
388,86,34,30,2014/7/24,10:39,2014/2/28,14:22
608,524,41,9,2014/5/3,17:09,2014/5/23,18:37
257,514,34,26,2014/3/1,19:41,2014/5/16,15:24
802,861,35,54,2014/6/17,04:13,2014/6/27,20:33
439,678,51,51,2014/5/25,00:27,2014/2/21,01:35
815,638,14,57,2014/12/27,23:26,2014/4/7,07:33
907,912,25,57,2014/10/16,20:45,2014/3/8,10:54
457,622,43,58,2014/1/28,21:57,2014/11/23,12:31
498,912,63,13,2014/5/9,22:19,2014/4/24,15:49
963,816,63,41,2014/4/6,18:53,2014/4/30,20:47
47,46,39,56,2014/12/12,05:55,2014/9/27,17:04
247,915,1,12,2014/3/13,14:19,2014/5/2,14:50
212,123,41,28,2014/8/11,14:00,2014/9/10,11:34
961,308,48,32,2014/11/24,05:59,2014/5/14,01:48
156,756,10,49,2014/3/9,18:50,2015/1/1,06:18
118,525,49,58,2014/11/16,13:40,2014/2/1,08:28
576,440,24,31,2014/10/15,14:30,2014/5/4,17:35
619,490,6,2,2014/9/13,10:52,2014/4/3,15:16
468,313,28,34,2014/12/26,11:29,2014/12/11,15:26
219,10,36,43,2014/10/22,22:15,2014/12/18,14:11
945,110,32,36,2014/6/27,20:23,2014/10/3,22:11
608,731,59,3,2014/3/3,10:38,2014/5/10,21:57
282,139,10,31,2014/2/23,08:06,2014/1/15,13:29
547,819,11,21,2014/12/6,13:42,2014/5/28,17:16
900,753,54,3,2014/7/13,17:58,2014/4/6,21:22
632,17,29,12,2014/5/30,16:38,2014/6/8,21:42
631,696,15,1,2014/10/24,10:11,2014/8/29,04:16
165,467,51,21,2014/10/16,19:31,2014/3/21,19:20
926,739,47,20,2014/6/28,09:58,2014/10/27,10:44
228,76,37,9,2014/8/4,18:22,2014/7/13,02:43
988,541,36,40,2014/7/28,09:05,2014/5/27,08:28
95,473,42,50,2014/6/14,22:31,2014/9/22,09:41
491,264,49,57,2014/6/10,11:42,2014/10/23,22:21
781,579,59,62,2014/10/13,02:22,2014/3/14,20:55
173,583,13,39,2014/1/17,11:32,2014/5/27,15:29
367,155,59,3,2014/8/31,16:21,2014/11/2,16:15
609,613,50,18,2014/6/23,13:35,2014/7/28,07:58
724,359,36,50,2014/7/9,14:54,2014/6/1,09:23
607,409,51,25,2014/8/21,15:02,2014/3/20,06:11
948,450,32,2,2014/5/10,18:47,2014/9/26,23:50
211,523,7,26,2014/10/4,04:45,2014/7/22,09:48
645,308,9,26,2014/6/19,08:42,2014/10/6,23:22
266,915,40,55,2014/6/4,00:28,2014/12/30,00:36
419,266,2,6,2014/3/25,02:30,2014/5/8,21:27
39,31,56,59,2014/12/31,18:24,2014/4/9,04:20
21,925,35,25,2014/6/6,11:49,2014/12/13,07:17
454,721,7,9,2014/6/30,01:46,2014/4/17,01:21
711,986,3,14,2014/11/21,02:57,2014/4/19,07:00
562,480,14,47,2014/2/11,20:38,2014/3/1,02:03
726,573,55,31,2014/3/24,00:21,2014/1/18,02:59
263,484,43,11,2014/10/12,23:44,2014/8/11,04:33
303,178,32,57,2014/3/18,01:14,2014/3/30,06:37
502,46,38,28,2014/5/5,00:02,2014/5/21,09:24
679,818,43,40,2014/4/21,20:29,2014/6/9,17:10
242,412,25,55,2014/2/8,00:07,2014/3/22,17:08
597,682,35,58,2014/9/6,09:03,2014/4/25,14:50
85,311,37,1,2014/8/4,18:44,2014/11/5,11:11
424,542,16,17,2014/7/24,20:31,2014/10/14,13:08
487,592,30,5,2014/6/21,13:53,2014/2/23,23:15
463,71,15,16,2014/2/9,02:06,2014/1/20,14:20
763,99,14,23,2014/7/24,02:28,2015/1/3,07:31
393,518,58,33,2014/4/22,11:15,2014/9/16,15:19
141,1000,22,17,2014/9/17,20:00,2014/2/20,21:33
784,132,61,3,2014/2/19,17:03,2014/7/21,20:58
397,182,42,48,2014/12/25,14:45,2014/6/13,17:28
318,612,43,13,2014/12/21,14:28,2014/12/22,09:14
763,836,12,26,2014/5/14,15:44,2014/7/28,01:40
524,604,39,55,2014/11/24,08:23,2014/3/2,17:46
977,59,20,35,2014/11/3,12:04,2014/7/21,06:16
24,631,54,40,2014/8/8,14:13,2014/11/15,06:57
22,523,8,57,2014/5/21,18:47,2014/5/8,23:46
198,718,3,11,2014/12/12,01:58,2014/8/19,03:19
754,725,23,12,2014/9/16,15:36,2014/1/21,13:25
605,420,60,39,2014/2/3,18:54,2015/1/11,04:32
325,277,20,43,2014/2/8,04:38,2014/10/25,10:41
381,787,51,55,2014/4/16,05:46,2014/6/13,14:11
993,241,53,27,2014/6/3,04:21,2014/12/26,22:04
942,329,63,8,2014/6/20,22:51,2014/8/15,03:52
498,751,58,60,2014/8/21,13:31,2014/3/11,12:12
644,247,26,24,2014/11/22,13:37,2014/9/17,02:11
353,392,53,33,2014/3/1,09:19,2014/8/19,19:09
186,84,51,43,2014/2/15,06:11,2014/5/13,15:16
187,437,60,27,2014/4/2,07:50,2014/2/25,10:59
139,505,19,60,2014/4/22,17:30,2014/6/9,22:40
556,666,28,14,2014/7/27,21:59,2014/4/3,01:16
880,821,5,14,2014/7/8,06:59,2014/1/31,23:30
211,244,45,24,2014/5/9,03:43,2014/5/8,04:50
566,222,18,40,2014/11/8,08:50,2014/4/9,15:46
3,247,56,47,2014/4/8,11:00,2014/3/24,03:38
479,534,57,5,2014/2/7,13:31,2014/7/20,08:05
657,810,8,57,2014/10/1,03:10,2014/8/14,05:21
16,38,9,46,2014/5/20,20:30,2014/3/20,22:39
993,370,26,11,2014/6/19,02:32,2014/4/28,09:01
439,6,4,26,2014/5/23,13:19,2014/2/11,13:54
753,432,3,20,2014/4/11,05:38,2014/11/21,03:15
88,172,58,59,2014/5/29,14:48,2014/10/9,07:53
649,265,49,43,2014/3/1,11:31,2014/12/16,22:56
338,210,48,12,2014/9/24,10:02,2014/12/12,13:28
141,64,25,61,2014/4/25,08:32,2014/3/4,15:20
68,233,55,7,2014/5/29,23:03,2014/9/30,04:39
701,823,50,18,2014/1/21,22:01,2014/8/9,04:58
387,603,44,58,2014/12/4,17:50,2014/2/4,23:16
822,815,44,10,2014/12/6,17:58,2014/3/9,21:45
549,123,58,52,2014/11/21,22:27,2014/2/8,09:53
85,471,28,62,2014/8/22,21:28,2014/9/18,04:18
230,470,50,63,2014/8/11,21:26,2014/3/1,19:23
835,370,24,58,2014/4/7,09:17,2014/11/29,02:44
351,751,1,2,2014/7/26,07:35,2015/1/7,18:50
638,622,31,24,2014/9/6,18:05,2014/12/22,15:40
353,683,30,12,2014/12/26,22:16,2014/4/8,00:49
918,759,45,7,2014/4/29,05:59,2014/4/8,20:46
814,622,23,25,2014/11/8,09:36,2015/1/5,06:27
946,170,24,32,2014/8/4,04:30,2014/7/8,01:44
861,526,24,53,2014/11/20,16:43,2014/2/23,03:59
531,644,7,36,2014/3/12,17:07,2014/3/25,16:18
389,378,27,13,2014/8/7,02:46,2014/2/17,15:53
69,904,34,2,2014/7/21,06:12,2014/4/9,18:22
20,13,27,23,2014/6/1,07:32,2014/4/13,18:05
234,365,51,44,2014/8/5,13:18,2014/8/27,05:01
18,648,38,38,2014/4/25,18:31,2014/3/20,17:00
795,408,59,12,2014/3/12,19:55,2014/5/23,05:46
641,750,53,9,2014/8/25,02:56,2014/8/17,15:33
669,68,3,45,2014/4/2,05:11,2015/1/9,02:24
453,53,42,52,2014/9/5,16:08,2014/8/10,12:55
792,723,58,57,2014/2/10,03:30,2014/7/24,12:03
860,939,62,32,2014/1/17,04:10,2014/7/5,20:37
419,235,20,53,2014/9/15,11:54,2014/11/1,14:04
441,737,2,50,2014/4/2,06:50,2014/2/25,03:05
383,564,38,55,2014/8/14,10:16,2014/3/18,21:29
34,958,20,63,2014/12/7,07:55,2014/8/20,04:28
210,25,17,38,2014/1/29,22:04,2014/3/31,05:13
976,30,16,2,2014/1/29,06:02,2014/1/16,21:45
834,232,6,2,2014/7/24,05:01,2014/7/15,11:54
357,673,10,40,2014/5/9,09:12,2014/7/27,07:08
438,142,9,32,2014/9/20,08:13,2014/7/5,05:37
708,292,23,12,2014/4/23,16:33,2014/3/5,01:42
524,191,41,3,2014/8/30,04:09,2014/1/22,05:14
974,119,49,63,2014/7/13,22:37,2014/10/19,12:23
367,750,19,21,2014/4/1,09:44,2014/1/21,06:03
27,570,17,33,2014/7/18,01:45,2014/3/25,19:27
562,772,43,22,2014/6/30,16:06,2014/9/16,23:17
169,434,47,61,2014/12/6,18:04,2015/1/7,04:54
747,906,5,13,2014/4/11,16:24,2014/10/21,03:06
366,354,21,23,2014/2/1,16:08,2014/8/26,22:37
361,441,36,57,2014/9/30,13:34,2014/9/7,18:20
247,688,63,47,2014/12/18,18:07,2014/4/17,03:01
285,311,49,48,2014/10/6,20:47,2014/10/7,19:57
45,923,28,6,2014/7/29,01:49,2014/8/12,19:11
597,449,44,5,2014/6/11,23:17,2014/4/4,12:53
134,728,10,53,2014/2/2,11:28,2014/7/20,04:34
85,36,27,52,2014/1/30,09:10,2015/1/1,15:59
576,461,2,45,2014/3/8,00:55,2014/5/26,07:14
143,240,61,57,2014/3/18,07:06,2014/9/20,05:01
595,358,42,5,2014/9/6,03:09,2014/12/15,00:11
471,185,60,63,2014/5/2,00:17,2014/6/15,02:50
563,794,5,56,2014/8/5,23:12,2014/11/3,09:59
25,62,24,32,2014/11/30,23:45,2014/7/8,16:27
240,628,51,13,2014/6/1,17:13,2014/3/31,13:41
330,210,50,47,2014/10/12,17:49,2014/10/26,04:44
593,551,49,57,2014/6/27,13:08,2014/1/18,23:22
591,942,46,31,2014/6/6,17:01,2014/9/18,09:59
941,99,60,49,2014/5/21,21:33,2014/5/26,13:01
405,16,27,16,2014/2/8,01:54,2014/4/25,23:49
60,760,6,19,2014/7/25,11:59,2014/6/16,10:16
982,514,31,26,2014/8/13,16:06,2014/8/8,15:27
749,904,23,15,2014/4/30,16:04,2014/1/28,13:25
175,282,21,63,2014/10/29,16:25,2014/8/7,09:15
962,611,35,51,2014/3/7,18:21,2014/4/12,20:02
533,527,9,22,2014/6/28,04:28,2014/9/8,03:39
807,225,62,17,2014/4/20,22:43,2014/12/25,21:27
534,261,39,31,2014/9/2,07:18,2014/3/14,14:42
600,889,35,24,2014/2/27,11:18,2014/8/19,11:18
600,52,17,7,2014/8/18,21:55,2014/3/31,23:29
29,851,50,9,2014/5/1,13:43,2014/8/13,10:01
644,502,19,1,2014/7/11,10:11,2015/1/11,02:05
602,399,63,53,2014/9/28,23:24,2014/10/18,14:43
926,669,4,44,2014/9/26,21:28,2014/12/19,17:27
122,779,51,46,2014/12/26,18:59,2014/4/15,21:26
144,666,46,37,2014/2/15,00:09,2014/9/21,11:28
70,320,62,38,2014/4/14,04:00,2014/7/27,19:01
128,330,21,51,2014/8/7,07:19,2014/3/4,09:06
653,359,5,48,2014/10/2,23:07,2014/6/10,05:51
301,199,15,43,2014/5/23,14:58,2014/4/28,12:13
434,907,60,43,2014/2/6,11:56,2014/2/18,04:02
286,484,13,41,2014/7/9,23:54,2014/7/15,02:56
436,208,48,10,2014/12/12,01:50,2014/10/28,16:15
738,158,29,3,2014/4/21,03:51,2014/5/12,18:53
697,200,7,19,2014/2/20,14:05,2014/4/27,16:07
979,724,35,25,2014/4/9,01:02,2014/4/28,09:47
342,353,26,38,2014/8/16,02:25,2014/12/15,23:19
917,159,32,61,2014/11/29,21:49,2014/1/23,21:17
181,854,60,57,2014/11/29,04:42,2014/7/18,22:20
276,658,34,38,2014/7/20,01:16,2014/3/16,00:55
804,476,11,56,2014/4/15,20:29,2014/4/25,03:15
500,873,39,51,2014/8/31,11:26,2014/11/10,16:38
408,964,36,7,2014/3/18,20:59,2014/12/15,08:17
150,134,22,58,2014/4/17,04:23,2014/3/2,06:50
941,290,59,11,2014/6/20,14:58,2014/10/1,17:03
547,725,44,10,2014/3/31,00:42,2014/9/26,15:27
97,70,38,31,2014/9/16,10:49,2014/7/31,01:32
590,754,5,13,2014/11/19,12:22,2014/7/15,02:13
639,655,19,33,2014/9/3,11:21,2014/12/4,03:35
806,198,36,33,2014/12/12,12:26,2014/10/8,23:39
518,257,33,53,2014/11/21,03:05,2014/3/21,19:17
236,264,11,59,2014/10/9,18:13,2014/5/24,12:26
18,556,32,5,2014/4/20,20:22,2014/5/25,17:56
619,751,45,15,2014/12/20,15:23,2014/11/3,20:34
333,202,38,25,2014/6/7,17:44,2014/5/15,08:29
93,942,57,51,2014/7/14,16:54,2014/2/28,19:59
298,281,56,44,2014/11/5,08:38,2014/11/3,21:37
269,554,20,24,2014/2/6,14:23,2014/8/8,11:55
49,672,13,23,2014/9/24,12:40,2014/8/13,23:47
311,793,52,2,2014/11/18,00:20,2014/8/15,19:46
795,239,25,42,2014/4/4,01:03,2014/11/1,13:00
500,339,22,35,2014/5/21,03:01,2014/10/30,12:09
596,782,3,61,2014/7/8,13:35,2014/8/2,09:57
564,447,49,19,2014/3/3,04:30,2014/10/14,04:37
922,148,14,2,2014/6/30,19:13,2014/2/4,13:55
498,922,29,53,2014/4/15,06:48,2014/5/26,09:20
108,601,25,7,2014/10/29,00:11,2014/12/24,03:28
641,318,27,59,2014/9/8,17:26,2014/8/21,20:17
319,138,18,24,2014/4/21,03:46,2014/7/20,13:22
970,76,60,25,2014/4/14,17:23,2014/3/6,09:18
684,789,45,32,2014/7/21,11:01,2014/10/16,18:51
794,448,54,50,2014/2/26,20:29,2014/5/4,19:28
744,104,46,5,2014/4/8,23:20,2014/4/20,18:31
937,81,55,10,2014/12/29,19:32,2014/2/12,02:01
421,753,32,49,2014/7/17,01:51,2014/4/8,06:43
748,989,56,6,2014/7/10,13:36,2014/3/21,09:33
158,490,59,56,2014/6/12,01:57,2014/8/4,09:06
930,714,40,9,2014/8/23,05:07,2014/4/9,00:25
753,548,10,20,2014/10/28,10:54,2014/12/3,11:04
95,134,3,1,2014/12/11,06:39,2014/6/16,00:56
642,703,12,33,2014/10/27,05:11,2014/3/1,10:29
572,366,45,50,2014/4/21,17:47,2014/3/30,16:25
142,879,8,5,2014/7/1,07:11,2014/7/26,17:16
75,592,34,15,2014/2/16,23:53,2014/8/12,21:04
966,116,42,57,2014/12/2,13:21,2014/8/30,11:38
971,164,47,22,2014/3/2,09:23,2014/11/27,15:26
459,190,28,42,2014/11/15,13:42,2014/10/4,05:21
570,586,45,19,2014/9/13,21:55,2014/5/1,11:38
308,148,38,28,2014/10/4,13:26,2014/9/21,04:43
17,961,58,52,2014/5/4,11:50,2014/4/10,18:07
938,200,38,57,2014/5/11,14:29,2014/1/23,07:15
280,541,7,24,2014/4/13,11:58,2014/11/15,02:40
640,113,39,26,2014/10/23,12:23,2014/7/8,00:48
981,817,2,52,2014/4/5,11:00,2014/5/4,05:20
631,134,39,43,2014/9/8,02:36,2014/8/30,16:56
404,802,6,26,2014/6/7,05:55,2014/10/5,06:14
998,141,35,12,2014/5/24,05:19,2014/9/12,11:34
900,664,45,26,2014/12/11,08:06,2014/6/22,02:31
826,636,41,38,2014/4/1,19:59,2014/7/13,04:29
598,423,43,29,2014/5/26,20:39,2014/3/28,01:19
517,556,18,50,2014/9/15,22:00,2014/3/2,00:21
940,473,53,24,2014/10/31,19:56,2014/11/5,23:37
971,512,57,36,2014/11/7,01:24,2014/6/18,16:10
395,391,17,3,2014/12/18,06:43,2014/12/1,10:43
103,201,52,18,2014/3/11,05:41,2014/8/22,14:27
267,185,25,28,2014/12/5,09:28,2014/3/14,20:43
408,802,21,33,2014/12/5,04:30,2014/2/15,23:22
414,216,7,54,2014/7/29,07:12,2014/11/19,11:38
777,644,59,47,2014/7/16,09:38,2014/12/28,21:14
525,757,11,61,2014/12/13,23:02,2014/7/18,15:02
602,523,54,13,2014/12/24,01:08,2014/5/31,14:42
810,122,1,60,2014/3/8,02:53,2014/12/5,18:08
434,668,38,52,2014/4/2,21:27,2014/9/15,20:45
30,498,8,15,2014/4/6,12:20,2014/6/15,12:32
654,725,63,58,2014/6/6,16:48,2014/7/19,07:05
708,759,15,45,2014/2/27,22:39,2014/6/6,21:30
141,38,53,11,2014/4/29,06:33,2014/11/14,21:19
994,336,44,15,2014/12/30,12:37,2014/6/16,22:12
576,161,20,51,2014/5/4,13:32,2014/8/13,12:09
724,259,25,36,2014/6/28,02:01,2014/7/11,06:13
863,271,55,29,2014/8/27,12:10,2014/8/26,00:43
650,277,51,34,2014/10/22,16:04,2014/2/7,06:43
907,68,39,9,2014/8/15,18:55,2014/7/8,10:52
737,957,62,9,2014/9/16,11:37,2014/5/29,20:59
364,58,61,32,2014/8/22,00:09,2014/7/8,20:37
15,117,4,20,2014/3/2,02:39,2014/4/2,16:39
906,58,61,34,2014/5/11,23:29,2014/6/21,04:15
21,908,19,24,2014/10/4,05:00,2014/9/23,10:26
241,997,48,13,2014/12/4,05:04,2014/5/18,17:04
926,726,58,18,2014/4/22,17:04,2014/6/19,16:30
663,806,59,4,2014/3/25,10:40,2014/9/5,07:23
968,699,62,58,2014/6/10,01:03,2014/7/16,10:07
15,429,29,51,2014/2/16,01:41,2014/4/17,23:06
550,617,11,21,2014/6/3,18:24,2014/12/22,06:03
393,453,5,24,2014/5/22,08:50,2014/7/16,01:35
59,852,33,21,2014/3/10,11:05,2014/12/24,06:38
593,199,15,11,2014/11/3,06:28,2014/7/13,15:06
27,563,39,10,2014/8/15,06:43,2014/2/18,19:49
309,100,47,25,2014/11/18,18:59,2014/5/21,11:48
912,229,22,11,2014/11/14,14:07,2014/10/22,09:30
539,437,49,50,2014/7/27,17:28,2014/9/28,03:07
250,935,5,41,2014/9/21,18:22,2014/3/23,00:56
666,411,30,35,2014/8/22,04:51,2014/3/20,14:51
321,696,53,42,2014/12/8,16:01,2014/9/24,11:28
852,597,56,10,2014/6/1,00:59,2014/7/20,20:28
193,280,25,24,2014/1/14,15:46,2014/1/18,09:32
965,664,41,51,2014/11/17,00:10,2014/11/30,08:32
775,922,29,59,2014/6/10,11:06,2014/5/26,06:19
732,650,4,12,2014/6/26,09:12,2014/5/20,04:11
456,712,3,5,2014/12/6,08:44,2014/5/10,14:44
262,252,49,50,2014/8/6,02:38,2014/8/17,09:10
158,365,12,18,2014/10/9,03:04,2014/6/3,12:26
337,683,10,39,2014/8/28,06:47,2014/7/9,09:00
300,914,54,43,2014/7/17,10:01,2014/7/10,00:50
570,421,34,31,2014/5/20,14:23,2014/2/23,20:57
542,911,10,37,2014/11/25,18:00,2014/7/19,18:56
138,972,62,7,2014/8/9,02:52,2014/11/9,02:35
845,554,47,35,2014/10/11,00:15,2014/6/20,10:50
56,167,47,58,2014/12/1,09:06,2014/9/10,05:36
494,456,5,1,2014/4/19,14:07,2014/12/16,04:31
353,268,57,58,2014/6/14,23:51,2014/6/14,23:09
123,854,4,24,2014/10/26,23:56,2014/11/29,03:38
861,214,7,1,2014/11/15,06:51,2014/11/27,06:21
960,701,31,15,2014/7/4,18:45,2014/11/30,16:44
917,495,4,37,2014/10/29,23:28,2014/2/13,18:25
62,229,40,60,2014/2/2,02:33,2014/7/23,22:56
283,127,40,19,2014/6/4,16:24,2014/9/20,21:54
86,848,10,8,2014/9/15,12:57,2014/2/28,14:37
208,995,14,63,2014/7/24,04:58,2014/11/20,14:09
401,899,5,47,2014/2/11,19:01,2014/12/10,15:44
5,180,22,51,2014/3/1,13:55,2014/5/24,04:04
656,771,43,16,2014/9/29,15:23,2014/3/22,01:50
679,333,4,19,2014/5/18,22:14,2014/12/28,00:49
19,163,18,14,2014/9/2,14:13,2014/1/19,12:42
362,416,45,12,2014/11/20,23:38,2014/11/1,09:19
610,372,56,16,2014/4/8,19:25,2014/8/19,04:17
946,200,13,49,2014/12/19,13:37,2014/11/22,19:24
528,956,31,22,2014/8/15,00:08,2014/5/12,05:18
186,386,32,8,2014/9/20,16:22,2014/4/3,17:52
46,562,63,62,2014/8/24,05:01,2014/4/3,20:46
131,124,55,4,2014/4/29,01:24,2014/2/3,03:28
464,556,19,12,2014/7/17,11:35,2014/7/20,23:11
453,147,2,37,2014/9/17,14:01,2014/2/10,09:13
377,933,24,43,2014/7/17,14:09,2014/2/13,08:02
605,739,39,21,2014/12/26,18:04,2014/8/19,11:47
869,329,50,33,2014/10/21,07:30,2014/5/7,23:54
313,186,25,40,2014/4/20,13:44,2014/11/18,23:30
67,281,4,38,2014/8/6,14:44,2014/3/17,08:05
538,64,30,63,2014/7/27,09:25,2014/5/28,02:19
93,774,29,13,2014/3/3,03:57,2014/12/7,23:40
263,26,26,23,2014/4/7,08:32,2014/9/18,04:38
506,949,35,37,2014/6/3,17:17,2014/7/21,10:38
247,975,46,43,2014/4/9,21:20,2014/10/22,09:23
832,87,9,26,2014/10/13,18:12,2014/6/13,14:58
561,553,34,20,2014/4/24,07:35,2014/2/14,23:01
871,258,61,9,2014/6/8,04:13,2014/5/20,00:27
27,897,22,48,2014/9/10,01:24,2014/1/27,12:07
530,398,43,52,2014/9/20,07:04,2014/8/8,05:11
831,479,11,39,2014/7/30,02:54,2014/7/15,04:38
986,474,63,21,2014/9/19,18:48,2014/8/19,08:00
405,341,31,6,2014/1/21,14:06,2014/2/26,11:17
36,859,17,20,2014/8/19,23:44,2014/9/4,21:51
46,5,55,45,2014/1/13,10:55,2015/1/4,03:03
94,106,24,14,2014/5/8,21:56,2014/9/25,17:25
648,727,21,35,2014/11/13,07:44,2014/3/7,15:38
473,707,28,31,2014/8/25,19:24,2014/8/14,09:55
920,368,31,46,2014/10/13,08:59,2014/10/2,14:53
100,645,54,11,2014/2/28,13:12,2014/6/17,15:30
531,33,46,6,2014/4/18,12:21,2014/4/11,02:34
782,864,14,49,2014/1/15,04:46,2014/4/5,12:10
818,549,40,48,2014/10/7,07:26,2014/11/5,18:32
678,443,15,59,2014/10/18,07:52,2014/4/2,23:39
824,902,10,10,2014/7/12,16:10,2014/8/11,00:28
648,566,20,42,2014/11/28,22:46,2014/3/26,04:20
896,800,28,30,2014/9/13,05:31,2014/12/13,18:31
368,922,54,35,2014/6/18,13:10,2014/10/4,12:29
212,984,24,54,2014/3/27,04:05,2014/8/17,20:27
722,768,26,46,2014/10/7,14:48,2014/6/17,15:51
283,789,5,53,2014/5/12,12:36,2014/3/24,11:51
535,204,63,52,2014/2/19,06:47,2014/11/3,16:21
415,44,2,45,2014/8/21,05:10,2014/3/10,04:25
574,666,5,17,2014/4/11,02:24,2014/11/20,15:13
344,47,47,39,2014/9/6,04:51,2014/8/3,08:03
94,508,19,17,2014/2/2,03:05,2014/4/6,17:24
557,742,53,53,2014/4/5,02:36,2014/1/30,08:57
11,310,37,25,2014/11/28,02:42,2014/8/4,00:16
196,578,27,14,2014/2/23,06:30,2014/7/27,08:20
837,344,35,44,2014/3/17,10:39,2014/8/5,15:19
103,354,63,33,2014/10/3,16:51,2014/10/3,04:39
241,668,22,23,2014/4/23,23:30,2014/11/30,10:07
72,938,61,28,2014/7/3,23:38,2014/12/29,02:48
257,52,24,39,2014/3/31,19:06,2014/7/31,18:39
23,4,47,59,2014/4/1,14:21,2014/10/15,16:01
882,150,46,5,2014/6/17,22:22,2014/11/29,17:37
884,992,14,53,2014/11/27,21:27,2014/12/16,02:56
852,204,29,1,2014/6/17,04:19,2014/4/21,15:16
15,644,8,26,2014/2/6,12:49,2014/8/9,20:53
916,69,22,32,2014/3/4,00:35,2014/10/11,09:44
486,22,16,28,2014/5/2,17:35,2014/10/19,01:29
414,146,23,26,2014/1/26,16:03,2014/2/4,04:08
644,742,51,35,2014/8/7,15:27,2014/8/13,10:17
880,779,22,45,2014/10/31,21:13,2014/12/4,20:52
988,845,49,61,2014/10/23,07:30,2014/3/1,06:21
49,523,57,28,2014/12/11,20:27,2014/3/15,04:14
220,479,62,55,2014/1/29,19:03,2014/4/16,20:59
230,4,39,13,2014/3/23,16:39,2014/12/27,04:51
463,80,38,21,2014/11/19,17:34,2014/5/31,01:09
160,933,10,45,2014/6/26,02:07,2014/5/24,13:35
572,672,1,5,2014/4/29,07:40,2014/1/30,23:39
193,257,36,27,2014/7/12,12:42,2014/7/10,11:42
670,444,43,6,2014/8/3,06:14,2014/6/29,19:39
26,257,12,58,2014/8/2,17:52,2014/11/2,07:43
195,953,3,47,2014/2/20,17:13,2014/3/18,15:57
13,56,15,26,2014/3/31,06:13,2014/6/30,06:06
579,568,47,26,2014/5/29,18:36,2014/2/18,12:38
227,507,2,38,2014/5/14,00:59,2014/8/1,02:07
548,308,30,27,2014/10/7,13:16,2014/2/10,10:04
376,9,61,48,2014/7/28,21:25,2014/5/26,06:04
471,628,44,10,2014/8/14,11:51,2014/9/5,18:22
698,821,12,36,2014/9/7,08:19,2014/6/24,16:10
621,654,24,7,2014/7/10,03:45,2014/8/18,02:37
987,639,49,56,2014/2/28,05:56,2014/12/2,22:36
399,305,38,6,2014/8/26,21:40,2014/6/23,20:27
107,577,42,62,2014/6/8,13:53,2014/6/10,19:49
203,588,23,4,2014/4/27,01:24,2014/10/10,18:10
470,713,55,37,2014/2/23,20:46,2014/10/14,06:27
482,776,7,38,2014/1/23,12:32,2014/7/27,03:15
109,983,13,32,2014/5/30,04:03,2014/5/16,08:54
340,775,34,13,2014/5/20,15:42,2014/12/6,12:02
536,836,5,51,2014/6/30,23:19,2014/2/13,12:25
107,842,4,29,2014/1/25,00:54,2014/5/27,07:09
663,498,3,30,2014/7/22,23:07,2014/7/31,06:22
786,549,51,11,2014/5/4,02:58,2014/11/4,19:40
185,813,11,9,2014/6/1,12:22,2014/1/23,07:07
13,862,59,49,2014/4/26,02:43,2014/3/6,14:05
415,617,18,28,2014/3/29,07:38,2014/1/22,01:55
122,762,24,10,2014/11/16,23:01,2014/2/11,02:44
386,893,62,50,2014/2/12,20:03,2014/12/26,15:52
897,587,31,13,2014/12/26,10:54,2014/2/21,03:52
719,818,63,47,2014/3/16,05:09,2014/7/7,01:25
136,301,44,16,2014/8/9,09:18,2014/5/14,13:57
961,827,46,18,2014/8/14,00:53,2014/1/18,02:38
703,646,44,59,2014/7/8,02:40,2014/7/19,05:01
981,563,19,39,2014/3/11,01:12,2014/3/31,22:54
547,242,19,29,2014/7/3,17:23,2014/6/25,20:40
7,880,32,36,2014/3/31,21:02,2014/12/8,12:22
927,779,22,42,2014/5/15,23:23,2014/3/3,09:11
842,570,47,40,2014/6/20,03:07,2014/10/6,06:59
125,732,2,57,2014/8/27,18:46,2014/2/21,02:03
654,447,16,6,2014/8/20,08:35,2014/6/10,05:20
165,700,51,1,2014/2/10,02:55,2014/7/23,05:13
833,58,12,26,2014/10/25,20:49,2014/4/5,09:22
868,497,37,5,2014/3/30,07:03,2015/1/3,21:50
236,90,34,14,2014/5/27,04:52,2014/10/5,15:10
901,621,39,9,2014/3/6,20:34,2014/12/6,16:35
925,384,15,38,2014/6/18,14:51,2014/3/4,17:54
744,172,42,2,2014/9/2,06:51,2014/3/11,06:35
540,493,29,12,2014/4/16,10:05,2014/6/28,19:37
762,909,50,61,2014/7/11,23:06,2014/4/13,18:00
336,404,9,53,2014/2/17,06:05,2014/7/1,11:43
681,146,50,43,2014/1/21,15:11,2014/4/1,01:35
838,319,33,52,2014/8/8,15:13,2014/5/19,10:34
419,41,53,10,2014/11/25,06:17,2014/5/9,06:01
528,474,3,5,2014/4/26,04:20,2014/8/27,11:23
332,38,22,62,2014/5/11,00:16,2014/8/22,22:53
463,312,8,29,2014/4/4,22:17,2014/5/7,23:30
511,206,54,33,2014/11/30,05:11,2014/5/1,09:22
599,322,43,60,2014/7/22,05:18,2014/5/16,02:52
503,613,45,4,2014/12/25,00:59,2014/9/26,07:43
477,456,19,31,2014/8/24,07:03,2014/4/25,09:30
65,541,62,2,2014/11/28,17:49,2014/11/12,16:50
640,210,54,22,2014/1/20,06:22,2014/9/30,08:55
242,807,43,18,2014/11/16,00:46,2014/6/10,09:04
889,52,10,58,2014/8/1,05:00,2014/8/13,21:56
353,226,49,61,2014/12/6,22:27,2014/4/2,18:02
18,308,1,17,2014/8/26,12:46,2014/11/12,02:25
619,938,56,52,2014/7/17,10:10,2014/9/28,11:16
306,886,12,47,2014/5/12,19:57,2014/7/25,14:18
292,548,50,52,2014/5/24,07:19,2014/5/13,12:37
751,462,43,50,2014/3/15,02:29,2014/11/13,03:05
43,485,39,43,2014/10/5,07:49,2014/7/11,19:14
258,305,16,55,2014/1/15,11:05,2014/12/23,06:53
880,921,44,8,2014/6/23,14:33,2014/2/4,19:49
852,444,45,9,2014/10/4,20:23,2014/1/25,13:43
32,108,34,11,2014/3/16,08:47,2014/7/19,10:09
678,606,27,36,2014/11/16,04:39,2014/3/20,07:47
8,698,23,47,2014/12/10,07:43,2014/8/18,23:06
212,562,3,2,2014/10/3,23:18,2014/5/25,20:46
88,554,44,30,2014/10/31,04:56,2014/12/27,06:12
826,359,60,17,2014/4/11,12:26,2014/5/8,03:52
186,80,25,59,2014/12/30,07:48,2014/9/30,07:31
10,753,29,51,2014/6/20,18:21,2014/10/15,04:42
149,646,60,17,2014/11/11,17:51,2014/4/15,06:59
66,921,13,27,2014/12/4,22:53,2014/10/4,14:47
48,500,7,29,2014/10/4,02:24,2014/8/10,00:56
117,334,46,25,2014/8/30,02:34,2014/12/31,21:01
91,509,23,46,2014/7/27,01:43,2014/9/16,11:16
622,752,63,10,2014/6/21,00:16,2014/11/9,12:01
985,183,38,13,2014/10/5,03:17,2014/7/29,22:45
666,857,56,19,2014/7/19,10:46,2014/12/14,21:40
433,26,16,34,2014/12/9,05:13,2014/10/15,01:34
690,867,14,62,2014/4/18,10:07,2014/2/17,03:31
94,249,36,26,2014/12/13,21:36,2014/12/25,21:11
67,620,53,25,2014/11/3,17:30,2014/8/26,06:46
576,723,34,46,2014/5/11,04:09,2014/5/6,14:56
125,186,15,36,2014/1/23,03:33,2014/5/13,09:00
537,792,21,40,2014/3/27,14:17,2014/10/19,18:50
483,79,25,63,2014/5/10,20:04,2014/8/20,04:34
786,210,15,4,2014/11/13,19:57,2014/4/19,04:08
407,177,18,9,2014/10/18,11:46,2014/6/28,02:08
712,375,44,18,2014/8/19,19:47,2014/9/2,07:45
989,146,57,62,2014/10/6,12:45,2014/9/1,17:58
340,154,29,51,2014/12/8,17:05,2014/2/26,07:45
286,244,49,29,2014/4/24,11:36,2014/12/15,18:26
29,697,29,37,2014/1/15,03:15,2014/11/10,05:35
343,459,62,49,2014/3/24,03:19,2014/9/10,14:19
913,68,52,14,2014/11/9,10:42,2014/11/30,01:46
113,103,3,40,2014/7/27,06:50,2014/1/14,20:39
875,479,12,6,2014/7/8,11:07,2014/3/26,02:39
335,483,40,33,2014/8/5,09:55,2014/7/13,04:29
849,712,47,3,2014/7/26,06:35,2014/2/22,14:10
226,193,27,34,2014/2/27,02:58,2014/1/13,11:17
802,599,26,31,2014/6/10,06:11,2014/3/2,22:52
728,668,51,60,2014/8/19,01:47,2014/6/27,07:50
428,883,60,40,2014/2/11,00:04,2014/9/11,13:59
183,276,49,36,2014/6/18,13:28,2014/4/13,22:36
142,233,2,62,2014/1/22,13:03,2014/4/2,00:14
698,172,44,63,2014/11/11,10:35,2014/7/6,02:21
297,335,2,20,2014/4/28,18:11,2014/11/1,01:35
835,58,62,44,2014/6/5,06:24,2014/8/9,11:51
886,3,2,33,2014/3/3,15:21,2014/2/25,14:28
313,213,16,49,2014/8/23,09:12,2014/3/9,07:21
944,593,15,36,2014/3/9,12:28,2014/5/24,12:02
593,996,41,26,2014/12/28,05:22,2014/2/24,11:24
660,138,31,53,2014/12/2,17:38,2014/9/23,19:31
309,323,44,7,2014/3/26,07:38,2014/7/14,16:53
910,326,47,7,2014/3/18,06:15,2014/9/29,14:39
57,967,13,22,2014/4/2,13:42,2014/7/23,18:31
672,555,11,41,2014/10/28,09:24,2014/11/12,17:58
480,7,22,8,2014/11/4,00:27,2014/9/8,14:14
465,139,36,60,2014/2/14,22:47,2014/9/4,19:10
439,858,12,22,2014/1/20,18:31,2014/3/28,12:29
107,178,39,23,2014/12/17,09:04,2014/7/2,13:18
391,428,31,48,2014/4/1,10:43,2014/7/29,07:49
512,800,48,45,2014/9/29,12:34,2014/10/8,22:20
176,940,31,34,2014/5/5,07:15,2014/8/9,04:52
326,785,53,6,2014/11/16,17:08,2014/1/13,13:14
560,658,17,15,2014/11/4,12:09,2014/9/7,10:30
210,968,42,51,2014/4/28,03:08,2014/5/2,16:21
643,796,52,17,2014/7/10,21:10,2014/5/1,23:19
158,43,37,50,2014/4/28,18:13,2015/1/3,11:32
215,139,49,35,2014/11/18,09:04,2014/7/24,05:31
655,673,63,11,2014/4/22,09:06,2014/2/2,00:55
897,112,40,22,2014/11/9,04:16,2014/12/20,20:36
867,696,22,38,2014/10/23,02:17,2014/10/10,15:41
511,315,52,55,2014/3/15,10:32,2014/9/30,02:17
507,996,6,57,2014/8/30,12:55,2014/8/10,09:02
715,619,27,5,2014/5/16,18:09,2014/9/10,09:12
818,54,36,19,2014/9/28,00:15,2014/5/22,00:50
717,501,32,37,2014/7/17,11:28,2014/3/1,06:06
269,14,29,16,2014/7/17,23:12,2014/1/31,18:40
196,640,37,41,2014/10/9,03:13,2014/5/17,02:20
346,792,14,57,2014/7/7,07:26,2014/8/6,13:06
49,841,28,29,2014/2/25,20:19,2014/11/2,22:00
202,344,52,14,2014/12/28,21:08,2014/1/30,20:30
69,691,35,12,2014/5/11,15:37,2014/8/5,17:05
148,959,24,10,2014/2/18,16:48,2014/9/20,16:52
417,326,2,42,2014/8/12,22:20,2014/3/14,00:36
463,783,63,24,2014/3/4,12:35,2014/9/11,19:38
386,713,39,2,2014/8/27,18:57,2014/8/8,09:16
250,693,49,31,2014/5/2,00:33,2014/11/13,17:47
580,134,20,50,2014/1/22,14:52,2014/10/14,19:41
93,585,19,33,2014/11/4,04:24,2014/11/13,02:52
718,637,6,6,2014/6/3,01:49,2014/10/10,15:34
472,282,35,63,2014/2/17,06:18,2014/12/5,06:09
30,124,17,34,2014/10/9,09:43,2014/2/20,22:33
790,769,53,39,2014/9/15,16:08,2014/2/12,19:50
244,264,41,10,2014/8/23,21:40,2014/4/8,15:37
364,454,52,19,2014/3/10,19:03,2014/4/23,10:07
324,567,41,59,2014/10/12,13:19,2014/12/22,19:50
745,16,61,54,2014/8/16,17:18,2014/3/13,14:20
706,344,20,28,2014/7/19,03:10,2014/1/31,21:51
594,738,29,2,2014/6/3,15:50,2014/11/7,20:11
456,515,39,22,2014/3/5,05:58,2014/3/8,06:00
205,529,40,4,2014/11/23,22:40,2014/8/6,17:32
503,910,42,62,2014/9/23,02:17,2014/12/24,02:47
379,860,35,28,2014/12/8,21:32,2014/3/22,14:36
637,531,40,55,2014/1/16,17:31,2014/10/15,05:23
774,381,26,42,2014/6/20,12:59,2014/7/1,12:47
843,667,2,10,2014/12/28,21:46,2014/12/18,17:12
385,128,52,25,2014/7/14,18:31,2014/4/23,19:25
506,298,46,6,2014/2/9,02:59,2014/3/16,09:48
871,440,44,44,2014/3/16,17:16,2014/3/5,06:40
220,49,43,53,2014/11/16,08:52,2014/6/3,01:12
451,928,25,16,2014/2/24,00:45,2015/1/2,09:43
681,907,37,52,2014/12/7,16:30,2014/6/5,10:49
679,270,47,10,2014/12/27,06:04,2014/5/19,05:30
894,634,38,34,2014/7/14,08:16,2014/12/26,11:50
300,281,37,37,2014/2/13,09:24,2014/5/26,17:22
268,702,35,18,2014/7/1,00:38,2014/5/28,17:58
251,532,21,44,2014/1/20,23:24,2014/6/13,22:19
178,408,30,19,2014/11/16,18:12,2014/10/12,23:25
371,132,47,19,2014/8/5,15:47,2014/8/21,17:34
745,109,4,23,2014/6/14,07:30,2014/4/8,04:11
204,990,56,47,2014/5/3,14:38,2014/4/6,14:43
267,306,17,47,2014/7/14,22:35,2014/2/10,22:38
888,386,5,9,2014/10/14,08:47,2014/8/15,10:44
497,88,32,61,2014/4/15,08:32,2014/4/22,12:38
491,771,63,46,2014/3/18,18:34,2014/5/12,15:21
135,135,7,8,2014/8/11,07:16,2014/4/28,11:07
368,154,25,23,2014/1/22,01:30,2014/11/15,19:28
878,798,13,41,2014/12/17,18:51,2014/9/2,21:09
492,861,18,30,2014/5/18,04:42,2014/8/27,18:35
176,800,30,1,2014/3/21,10:46,2014/12/18,19:31
932,135,3,11,2014/9/5,03:33,2014/2/27,11:32
637,459,14,63,2014/5/6,19:41,2014/10/12,00:26
573,338,26,26,2014/8/8,23:30,2014/5/20,01:01
629,225,50,50,2014/6/1,15:51,2014/9/21,03:18
579,563,28,12,2014/12/28,03:08,2014/4/2,18:15
815,923,5,6,2014/4/4,07:59,2014/9/29,22:04
447,897,45,12,2014/4/19,12:33,2014/3/15,23:43
345,587,37,41,2014/9/27,23:07,2014/7/6,17:49
803,804,42,15,2014/5/22,13:26,2014/12/21,03:17
537,195,51,25,2014/1/31,23:21,2014/12/31,18:03
736,676,5,27,2014/11/2,04:05,2014/9/5,00:48
719,741,15,49,2014/7/18,21:17,2014/8/25,04:48
854,660,30,47,2014/10/8,07:30,2014/12/10,03:49
174,730,57,41,2014/7/1,05:35,2014/1/21,13:49
284,331,45,58,2014/2/27,00:00,2014/6/10,06:49
736,616,44,10,2014/9/22,06:31,2014/6/3,12:16
271,78,12,26,2014/11/22,19:24,2014/12/12,18:14
573,206,18,42,2014/10/6,06:11,2014/12/4,02:47
532,759,19,26,2014/11/12,12:38,2014/7/5,08:03
871,249,13,1,2014/4/22,22:17,2014/8/31,18:54
2,856,61,8,2014/9/7,06:39,2014/12/31,23:25
101,718,46,21,2014/8/24,06:15,2014/4/27,13:01
485,179,54,33,2014/11/8,06:56,2014/11/9,03:53
369,240,53,16,2014/3/9,09:02,2014/2/11,16:44
996,886,16,55,2014/1/27,08:26,2014/10/6,22:06
539,977,10,6,2014/8/7,16:01,2014/9/21,20:50
468,109,12,31,2014/10/25,15:38,2014/5/18,17:08
774,504,26,24,2014/1/26,08:27,2014/12/9,22:26
600,705,29,46,2014/8/22,19:33,2014/9/24,04:24
997,428,49,9,2014/9/14,00:50,2014/9/20,06:10
808,924,33,27,2014/2/2,12:05,2014/11/18,23:46
435,340,44,28,2014/4/30,22:06,2014/6/17,10:53
454,862,11,45,2014/5/29,20:12,2014/9/22,23:23
350,179,59,37,2014/12/11,07:55,2014/8/14,21:06
315,799,34,13,2014/5/9,04:21,2014/12/4,06:08
880,247,48,51,2014/4/29,06:59,2014/7/28,20:36
504,296,2,17,2014/12/9,08:59,2014/2/16,21:56
692,704,44,62,2014/11/6,06:36,2014/10/15,12:26
821,113,24,63,2014/9/17,13:47,2014/7/16,10:29
753,628,17,18,2014/6/17,20:22,2014/12/16,03:59
154,526,53,18,2014/6/23,02:31,2014/5/21,12:56
447,541,12,16,2014/12/25,18:35,2014/7/23,15:10
916,567,32,41,2014/5/26,03:16,2014/10/16,16:16
134,570,21,1,2014/5/21,10:46,2014/10/2,17:18
284,198,61,9,2014/3/28,11:02,2014/10/19,02:53
825,310,4,58,2014/6/11,11:12,2014/6/19,10:39
321,947,23,2,2014/12/10,21:24,2014/2/28,18:11
121,288,5,15,2014/3/8,06:23,2015/1/11,04:22
382,731,19,59,2014/11/19,10:23,2014/5/1,18:55
685,547,27,41,2014/7/26,18:08,2014/7/8,22:32
265,448,9,14,2014/1/14,05:02,2014/3/10,21:25
104,223,6,4,2014/9/9,08:22,2014/6/4,19:38
437,557,1,31,2014/3/16,12:06,2014/2/25,13:50
587,155,20,31,2014/6/17,23:34,2015/1/2,23:54
14,759,45,21,2014/6/12,02:29,2014/2/23,19:29
744,382,61,5,2014/12/7,12:54,2014/11/4,04:36
994,722,5,34,2014/1/18,22:38,2014/11/18,16:57
29,832,41,24,2014/5/29,14:02,2014/12/9,16:17
456,945,13,61,2014/10/6,11:27,2014/6/13,22:16
300,474,46,40,2014/9/28,08:18,2014/10/19,15:44
87,652,5,27,2014/11/5,16:28,2014/8/23,02:30
644,243,7,60,2014/3/25,02:42,2014/12/21,04:20
196,414,49,57,2014/7/22,16:16,2014/7/5,02:50
701,53,5,16,2014/12/8,16:23,2014/6/1,03:31
786,980,54,53,2014/7/10,05:47,2014/6/14,02:46
894,618,12,36,2014/5/1,07:23,2014/12/14,16:26
968,954,45,4,2014/2/20,01:46,2014/12/7,07:19
378,754,34,4,2014/5/12,23:06,2014/10/3,15:34
866,158,49,44,2014/12/18,21:40,2014/3/16,16:17
87,56,51,1,2014/11/25,03:27,2014/4/21,22:49
501,931,8,55,2014/7/21,13:11,2014/11/12,03:35
714,288,21,60,2014/6/27,06:58,2014/2/17,04:52
972,801,59,25,2014/3/12,20:54,2014/1/18,23:38
920,894,51,21,2014/7/18,12:22,2014/5/19,02:29
7,78,32,46,2014/2/23,05:49,2014/4/18,16:30
255,66,8,61,2014/7/25,06:14,2014/11/8,00:18
899,809,4,50,2014/5/9,16:05,2014/1/29,19:09
160,212,60,15,2014/8/3,10:05,2014/11/6,21:01
364,765,7,13,2014/9/12,14:37,2014/12/19,12:47
41,445,1,32,2014/8/12,18:46,2014/3/12,14:31
861,251,63,49,2014/9/14,07:32,2014/4/30,08:02
342,609,54,41,2014/4/3,14:57,2014/1/30,03:54
89,514,32,47,2014/9/5,14:19,2015/1/4,13:57
252,54,24,2,2014/2/22,16:37,2014/12/20,21:33
769,624,44,6,2014/10/20,09:10,2014/4/5,12:20
312,854,4,45,2014/8/13,07:53,2014/12/24,03:53
140,922,44,43,2014/5/17,05:33,2014/10/30,06:06
629,575,61,49,2014/1/17,02:08,2014/5/17,23:27
667,574,41,15,2014/12/19,01:42,2014/12/11,12:38
204,111,47,23,2014/6/14,08:41,2014/1/30,10:48
295,543,62,10,2014/3/28,14:14,2014/7/4,05:31
920,875,22,47,2014/6/14,01:33,2014/5/3,02:16
994,986,44,16,2014/6/11,22:42,2014/8/28,06:18
888,951,26,50,2014/7/2,04:05,2014/8/17,13:57
228,723,52,46,2014/2/3,23:54,2014/4/29,01:05
142,387,3,48,2014/10/27,06:43,2014/6/10,09:20
996,20,30,24,2014/5/7,12:25,2014/12/17,13:02
310,553,17,13,2014/7/9,04:19,2014/7/20,04:11
46,495,16,23,2014/8/12,23:41,2014/9/27,03:57
533,198,60,53,2014/7/7,04:23,2014/9/15,08:25
565,747,54,49,2014/11/22,11:24,2014/7/30,11:33
592,461,21,4,2014/1/16,12:50,2014/8/19,08:04
588,411,49,20,2014/9/10,18:40,2014/11/15,16:00
712,166,63,57,2014/11/13,16:07,2014/4/25,01:01
931,455,26,18,2014/5/8,09:24,2014/6/8,11:20
911,763,63,7,2014/10/8,05:44,2014/1/17,12:54
388,239,15,49,2014/11/10,09:43,2014/12/15,05:15
984,436,35,17,2014/6/2,18:05,2014/6/19,16:02
998,587,39,21,2014/12/21,07:52,2014/4/5,13:04
597,263,30,49,2014/11/21,22:30,2014/1/29,02:47
691,696,62,36,2014/4/10,00:23,2014/3/12,07:59
175,346,1,39,2014/11/26,15:57,2014/10/26,17:22
364,869,7,20,2014/6/1,21:29,2014/1/28,05:07
816,499,42,27,2014/9/3,03:28,2014/11/23,14:10
271,15,26,18,2014/11/6,20:46,2014/10/28,08:24
988,794,13,35,2014/11/23,21:23,2014/5/6,15:30
122,913,54,37,2014/11/22,08:51,2014/3/5,15:37
667,63,15,53,2014/2/18,23:00,2014/7/1,03:29
5,553,15,18,2014/9/14,14:22,2014/4/2,01:49
253,781,33,47,2014/1/24,06:21,2014/9/22,04:50
144,736,4,6,2014/12/9,04:26,2014/8/3,13:37
937,39,20,59,2014/8/4,04:49,2014/2/22,12:31
68,895,62,22,2014/11/15,19:21,2014/4/11,14:17
220,827,60,42,2014/5/31,13:24,2014/11/28,20:01
481,906,38,41,2014/12/25,10:33,2014/3/29,12:58
931,101,21,54,2014/5/1,09:23,2014/4/6,22:31
518,841,1,52,2014/6/3,20:40,2014/4/8,08:11
417,909,45,28,2014/12/6,07:02,2014/7/11,00:18
471,54,60,30,2014/7/5,19:27,2014/8/21,17:19
932,52,51,38,2014/12/21,00:59,2014/12/1,10:43
580,164,37,3,2014/2/10,23:17,2014/2/1,12:10
342,754,20,21,2014/11/14,21:20,2014/5/12,02:57
841,535,13,17,2014/12/28,14:58,2015/1/5,06:23
688,405,3,29,2014/12/2,07:52,2014/3/26,21:55
7,91,31,40,2014/3/31,10:51,2014/5/26,12:09
816,882,46,11,2014/12/4,02:55,2014/11/26,06:19
881,999,34,49,2014/12/1,00:41,2014/7/27,01:12
921,63,6,24,2014/12/18,04:40,2014/10/5,09:00
266,990,45,20,2014/10/19,14:11,2014/10/29,10:11
700,559,8,26,2014/12/20,19:41,2014/11/15,20:19
90,438,53,23,2014/7/13,01:43,2014/8/8,00:56
825,533,23,30,2014/8/2,16:19,2014/3/2,14:29
29,776,23,49,2014/5/27,06:33,2014/3/21,09:58
493,213,7,20,2014/8/5,10:23,2014/8/9,06:36
